filename,id,2023id
13556.mp3,13556,
13578.mp3,13578,
2950_001.jpg,2950_001,
3102_001.jpg,3102_001,
3102_002.jpg,3102_002,
file_list.txt,file_list,
idahocitiesandtowns-mhs3rdst.jpg,idahocitiesandtowns-mhs3rdst,
idahocitiesandtowns-mhsaerialview.jpg,idahocitiesandtowns-mhsaerialview,
idahocitiesandtowns-mhsbasketballteam.jpg,idahocitiesandtowns-mhsbasketballteam,
idahocitiesandtowns-mhsbasketballteam2.jpg,idahocitiesandtowns-mhsbasketballteam2,
idahocitiesandtowns-mhsbuildingview1914.jpg,idahocitiesandtowns-mhsbuildingview1914,
idahocitiesandtowns-mhsclass1899.jpg,idahocitiesandtowns-mhsclass1899,
idahocitiesandtowns-mhsdrama.jpg,idahocitiesandtowns-mhsdrama,
idahocitiesandtowns-mhsfootballdisplay1931.jpg,idahocitiesandtowns-mhsfootballdisplay1931,
idahocitiesandtowns-mhsfootballteam1932.jpg,idahocitiesandtowns-mhsfootballteam1932,
idahocitiesandtowns-mhsoldclothesday.jpg,idahocitiesandtowns-mhsoldclothesday,
idahocitiesandtowns-moscowhighschool.jpg,idahocitiesandtowns-moscowhighschool,
img001.jpg,img001,
img002.jpg,img002,
img003.jpg,img003,
img004.jpg,img004,
img005.jpg,img005,
img006.jpg,img006,
img007.jpg,img007,
img008.jpg,img008,
img009.jpg,img009,
img010.jpg,img010,
img011.jpg,img011,
img012.jpg,img012,
img013.jpg,img013,
img014.jpg,img014,
img015.jpg,img015,
img016.jpg,img016,
img017.jpg,img017,
img018.jpg,img018,
img019.jpg,img019,
mhs-0009.1a.jpg,mhs-0009,
mhs-0010.1f.jpg,mhs-0010,
mhs-0012.1e.jpg,mhs-0012,
mhs-0013.1e.jpg,mhs-0013,
mhs-0013.1f.jpg,mhs-0013,
mhs-0014.1e.jpg,mhs-0014,
mhs-0014.1f.jpg,mhs-0014,
mhs-0016.1e.jpg,mhs-0016,
mhs-0018.1e.jpg,mhs-0018,
mhs-0018.1f.jpg,mhs-0018,
mhs-0023.1e.jpg,mhs-0023,
mhs-0029.1e.jpg,mhs-0029,
mhs-0029.1f.jpg,mhs-0029,
mhs-0030.1e.jpg,mhs-0030,
mhs-0030.1f.jpg,mhs-0030,
mhs-0053.1e.jpg,mhs-0053,
mhs-0053.1f.jpg,mhs-0053,
mhs-0079.1e.jpg,mhs-0079,
mhs-0108.1a.jpg,mhs-0108,
mhs-0108.1c.jpg,mhs-0108,
mhs-0108.1f.jpg,mhs-0108,
mhs-0115.1a.jpg,mhs-0115,
mhs-0115.1b.jpg,mhs-0115,
mhs-0116.1a.jpg,mhs-0116,
mhs-0116.1b.jpg,mhs-0116,
mhs-0120.1e.jpg,mhs-0120,
mhs-0122.1e.jpg,mhs-0122,
mhs-0127.1a.jpg,mhs-0127,
mhs-0127.1b.jpg,mhs-0127,
mhs-0155.1a.jpg,mhs-0155,
mhs-0308.1g.jpg,mhs-0308,
mhs-0358.1a.jpg,mhs-0358,
mhs-0358.1b.jpg,mhs-0358,
mhs-0359.1g.jpg,mhs-0359,
mhs-0491.1g.jpg,mhs-0491,
mhs-0503.1a.jpg,mhs-0503,
mhs-0503.1b.jpg,mhs-0503,
mhs-0504.1a.jpg,mhs-0504,
mhs-0504.1b.jpg,mhs-0504,
mhs-0505.1a.jpg,mhs-0505,
mhs-0505.1b.jpg,mhs-0505,
mhs-0507.1b.jpg,mhs-0507,
mhs-0508.1a.jpg,mhs-0508,
mhs-0508.1b.jpg,mhs-0508,
mhs-0509.1a.jpg,mhs-0509,
mhs-0509.1b.jpg,mhs-0509,
mhs-0545.1g.jpg,mhs-0545,
mhs-0575.1a.jpg,mhs-0575,
mhs-0575.1b.jpg,mhs-0575,
mhs-0685.1e.jpg,mhs-0685,
mhs-0685.1f.jpg,mhs-0685,
mhs-0691.1e.jpg,mhs-0691,
mhs-0691.1f.jpg,mhs-0691,
mhs-0719.1a.jpg,mhs-0719,
mhs-0719.1b.jpg,mhs-0719,
mhs-0730.1a.jpg,mhs-0730,
mhs-0730.1g.jpg,mhs-0730,
mhs-0739.1a.jpg,mhs-0739,
mhs-0739.1g.jpg,mhs-0739,
mhs-0745.1a.jpg,mhs-0745,
mhs-0745.1b.jpg,mhs-0745,
mhs-0755.1a.jpg,mhs-0755,
mhs-0755.1b.jpg,mhs-0755,
mhs-0764.1a.jpg,mhs-0764,
mhs-0764.1g.jpg,mhs-0764,
mhs-0769.1e.jpg,mhs-0769,
mhs-0773.1c.jpg,mhs-0773,
mhs-0773.1d.jpg,mhs-0773,
mhs-0775.1a.jpg,mhs-0775,
mhs-0775.1g.jpg,mhs-0775,
mhs-0776.1a.jpg,mhs-0776,
mhs-0776.1g.jpg,mhs-0776,
mhs-0782.1a.jpg,mhs-0782,
mhs-0782.1b.jpg,mhs-0782,
mhs-0785.1e.jpg,mhs-0785,
mhs-0785.1f.jpg,mhs-0785,
mhs-0790.1a.jpg,mhs-0790,
mhs-0790.1b.jpg,mhs-0790,
mhs-0911.1c.jpg,mhs-0911,
mhs-0911.1d.jpg,mhs-0911,
mhs-0911.1h.jpg,mhs-0911,
mhs-0933.1a.jpg,mhs-0933,
mhs-0933.1b.jpg,mhs-0933,
mhs-0934.1a.jpg,mhs-0934,
mhs-0934.1b.jpg,mhs-0934,
mhs-0935.1a.jpg,mhs-0935,
mhs-0935.1b.jpg,mhs-0935,
mhs-0936.1a.jpg,mhs-0936,
mhs-0936.1b.jpg,mhs-0936,
mhs-0937.1a.jpg,mhs-0937,
mhs-0937.1b.jpg,mhs-0937,
mhs-0999.1a.jpg,mhs-0999,
mhs-0999.1g.jpg,mhs-0999,
mhs-1002.1a.jpg,mhs-1002,
mhs-1002.1b.jpg,mhs-1002,
mhs-1014.1a.jpg,mhs-1014,
mhs-1014.1b.jpg,mhs-1014,
mhs-1028.1a.jpg,mhs-1028,
mhs-1028.1b.jpg,mhs-1028,
mhs-1034.1a.jpg,mhs-1034,
mhs-1034.1g.jpg,mhs-1034,
mhs-1035.1a.jpg,mhs-1035,
mhs-1035.1b.jpg,mhs-1035,
mhs-1039..1b.jpg,mhs-1039,
mhs-1039.1a.jpg,mhs-1039,
mhs-1041.1a.jpg,mhs-1041,
mhs-1041.1g.jpg,mhs-1041,
mhs-1048.1b.jpg,mhs-1048,
mhs-1048.1e.jpg,mhs-1048,
mhs-1075.1a.jpg,mhs-1075,
mhs-1075.1b.jpg,mhs-1075,
mhs-1095.1a.jpg,mhs-1095,
mhs-1095.1b.jpg,mhs-1095,
mhs-1095.1h.jpg,mhs-1095,
mhs-1119.1g.jpg,mhs-1119,
mhs-1142.1e.jpg,mhs-1142,
mhs-1142.1f.jpg,mhs-1142,
mhs-1150.1a.jpg,mhs-1150,
mhs-1150.1b.jpg,mhs-1150,
mhs-1167.1a.jpg,mhs-1167,
mhs-1167.1b.jpg,mhs-1167,
mhs-1177.1a.jpg,mhs-1177,
mhs-1177.1b.jpg,mhs-1177,
mhs-1184.1a.jpg,mhs-1184,
mhs-1184.1b.jpg,mhs-1184,
mhs-1201.1a.jpg,mhs-1201,
mhs-1201.1b.jpg,mhs-1201,
mhs-1202.1a.jpg,mhs-1202,
mhs-1202.1b.jpg,mhs-1202,
mhs-1204.1a.jpg,mhs-1204,
mhs-1204.1b.jpg,mhs-1204,
mhs-1209.1a.jpg,mhs-1209,
mhs-1209.1b.jpg,mhs-1209,
mhs-1211.1a.jpg,mhs-1211,
mhs-1211.1b.jpg,mhs-1211,
mhs-1213.1a.jpg,mhs-1213,
mhs-1213.1b.jpg,mhs-1213,
mhs-1223.1a.jpg,mhs-1223,
mhs-1223.1b.jpg,mhs-1223,
mhs-1226.1a.jpg,mhs-1226,
mhs-1226.1b.jpg,mhs-1226,
mhs-1227.1a.jpg,mhs-1227,
mhs-1227.1b.jpg,mhs-1227,
mhs-1238.1a.jpg,mhs-1238,
mhs-1238.1b.jpg,mhs-1238,
mhs-1241.1a.jpg,mhs-1241,
mhs-1241.1b.jpg,mhs-1241,
mhs-1244.1a.jpg,mhs-1244,
mhs-1244.1b.jpg,mhs-1244,
mhs-1245.1a.jpg,mhs-1245,
mhs-1245.1b.jpg,mhs-1245,
mhs-1246.1e.jpg,mhs-1246,
mhs-1246.1f.jpg,mhs-1246,
mhs-1250.1a.jpg,mhs-1250,
mhs-1250.1b.jpg,mhs-1250,
mhs-1264.1e.jpg,mhs-1264,
mhs-1265.1e.jpg,mhs-1265,
mhs-1265.1f.jpg,mhs-1265,
mhs-1285.1a.jpg,mhs-1285,
mhs-1285.1g.jpg,mhs-1285,
mhs-1302.1a.jpg,mhs-1302,
mhs-1302.1b.jpg,mhs-1302,
mhs-1303.1a.jpg,mhs-1303,
mhs-1303.1g.jpg,mhs-1303,
mhs-1315.1a.jpg,mhs-1315,
mhs-1315.1b.jpg,mhs-1315,
mhs-1316.1a.jpg,mhs-1316,
mhs-1316.1b.jpg,mhs-1316,
mhs-1317.1a.jpg,mhs-1317,
mhs-1317.1b.jpg,mhs-1317,
mhs-1379.1a.jpg,mhs-1379,
mhs-1379.1b.jpg,mhs-1379,
mhs-1481.1e.jpg,mhs-1481,
mhs-1484.1e.jpg,mhs-1484,
mhs-1484.1f.jpg,mhs-1484,
mhs-1538.1a.jpg,mhs-1538,
mhs-1538.1b.jpg,mhs-1538,
mhs-1656.1a.jpg,mhs-1656,
mhs-1656.1b.jpg,mhs-1656,
mhs-1661.1a.jpg,mhs-1661,
mhs-1661.1b.jpg,mhs-1661,
mhs-1662.1a.jpg,mhs-1662,
mhs-1662.1b.jpg,mhs-1662,
mhs-1663.1a.jpg,mhs-1663,
mhs-1663.1b.jpg,mhs-1663,
mhs-1666.1a.jpg,mhs-1666,
mhs-1666.1b.jpg,mhs-1666,
mhs-1670.1a.jpg,mhs-1670,
mhs-1670.1b.jpg,mhs-1670,
mhs-1684.1a.jpg,mhs-1684,
mhs-1684.1b.jpg,mhs-1684,
mhs-1686.1a.jpg,mhs-1686,
mhs-1686.1g.jpg,mhs-1686,
mhs-1689.1a.jpg,mhs-1689,
mhs-1689.1g.jpg,mhs-1689,
mhs-1723.1a.jpg,mhs-1723,
mhs-1723.1b.jpg,mhs-1723,
mhs-1730.1a.jpg,mhs-1730,
mhs-1730.1b.jpg,mhs-1730,
mhs-1733.1a.jpg,mhs-1733,
mhs-1733.1b.jpg,mhs-1733,
mhs-1746.1a.jpg,mhs-1746,
mhs-1746.1b.jpg,mhs-1746,
mhs-1750.1a.jpg,mhs-1750,
mhs-1750.1b.jpg,mhs-1750,
mhs-1770.1a.jpg,mhs-1770,
mhs-1770.1g.jpg,mhs-1770,
mhs-1791.1a.jpg,mhs-1791,
mhs-1791.1b.jpg,mhs-1791,
mhs-1796.1a.jpg,mhs-1796,
mhs-1796.1b.jpg,mhs-1796,
mhs-1807.1a.jpg,mhs-1807,
mhs-1807.1b.jpg,mhs-1807,
mhs-1825.1g.jpg,mhs-1825,
mhs-1827.1g.jpg,mhs-1827,
mhs-1832.1a.jpg,mhs-1832,
mhs-1832.1g.jpg,mhs-1832,
mhs-1839.1a.jpg,mhs-1839,
mhs-1839.1b.jpg,mhs-1839,
mhs-1887.1a.jpg,mhs-1887,
mhs-1887.1b.jpg,mhs-1887,
mhs-1889.1a.jpg,mhs-1889,
mhs-1889.1g.jpg,mhs-1889,
mhs-1890.1a.jpg,mhs-1890,
mhs-1890.1g.jpg,mhs-1890,
mhs-1893.1a.jpg,mhs-1893,
mhs-1893.1b.jpg,mhs-1893,
mhs-1894.1a.jpg,mhs-1894,
mhs-1894.1b.jpg,mhs-1894,
mhs-1925.1a.jpg,mhs-1925,
mhs-1925.1b.jpg,mhs-1925,
mhs-1946.1e.jpg,mhs-1946,
mhs-1946.1f.jpg,mhs-1946,
mhs-1979.1a.jpg,mhs-1979,
mhs-1979.1b.jpg,mhs-1979,
mhs-1998.1e.jpg,mhs-1998,
mhs-1998.1f.jpg,mhs-1998,
mhs-1999.1a.jpg,mhs-1999,
mhs-1999.1b.jpg,mhs-1999,
mhs-2026.1a.jpg,mhs-2026,
mhs-2026.1g.jpg,mhs-2026,
mhs-2029.1a.jpg,mhs-2029,
mhs-2029.1g.jpg,mhs-2029,
mhs-2047.1a.jpg,mhs-2047,
mhs-2047.1b.jpg,mhs-2047,
mhs-2058.1a.jpg,mhs-2058,
mhs-2058.1b.jpg,mhs-2058,
mhs-2109.1a.jpg,mhs-2109,
mhs-2173.1a.jpg,mhs-2173,
mhs-2173.1b.jpg,mhs-2173,
mhs-2174.1a.jpg,mhs-2174,
mhs-2174.1b.jpg,mhs-2174,
mhs-2195.1e.jpg,mhs-2195,
mhs-2196.1a.jpg,mhs-2196,
mhs-2196.1b.jpg,mhs-2196,
mhs-2293.1a.jpg,mhs-2293,
mhs-2293.1b.jpg,mhs-2293,
mhs-2348.1a.jpg,mhs-2348,
mhs-2348.1b.jpg,mhs-2348,
mhs-2379.1e.jpg,mhs-2379,
mhs-2382.1a.jpg,mhs-2382,
mhs-2382.1b.jpg,mhs-2382,
mhs-2450.1a.jpg,mhs-2450,
mhs-2450.1g.jpg,mhs-2450,
mhs-2452.1g.jpg,mhs-2452,
mhs-2454.1a.jpg,mhs-2454,
mhs-2454.1b.jpg,mhs-2454,
mhs-2531.1a.jpg,mhs-2531,
mhs-2531.1g.jpg,mhs-2531,
mhs-2615.1a.jpg,mhs-2615,
mhs-2615.1b.jpg,mhs-2615,
mhs-2658.1g.jpg,mhs-2658,
mhs2023-00543.1a.jpg,mhs2023-00543,00543
mhs2023_00142.1a.jpg,mhs2023_00142,00142
mhs2023_00164.1b.jpg,mhs2023_00164,00164
mhs2023_00166.1b.jpg,mhs2023_00166,00166
mhs2023_00166.1d.jpg,mhs2023_00166,00166
mhs2023_00167.1b.jpg,mhs2023_00167,00167
mhs2023_00230.1c.jpg,mhs2023_00230,00230
mhs2023_00230.1e.jpg,mhs2023_00230,00230
mhs2023_00324.1e.jpg,mhs2023_00324,00324
mhs2023_00368.1c.jpg,mhs2023_00368,00368
mhs2023_00382.2e.jpg,mhs2023_00382,00382
mhs2023_00541.1a.jpg,mhs2023_00541,00541
mhs2023_03450.6h.jpg,mhs2023_03450,03450
mhs2023_23-00364.1b.jpg,mhs2023_23-00364,23-00364
mhs2023_23-00563.1b.jpg,mhs2023_23-00563,23-00563
mhs2023_23-00622.1d.jpg,mhs2023_23-00622,23-00622
mhs2023_23-00706.1g.jpg,mhs2023_23-00706,23-00706
mhs2023_23-00714.1g.jpg,mhs2023_23-00714,23-00714
mhs2023_23-00726.1a.jpg,mhs2023_23-00726,23-00726
mhs2023_23-00770.1a.jpg,mhs2023_23-00770,23-00770
mhs2023_23-00779.1b.jpg,mhs2023_23-00779,23-00779
mhs2023_23-00917.1g.jpg,mhs2023_23-00917,23-00917
mhs2023_23-01126.1b.jpg,mhs2023_23-01126,23-01126
mhs2023_23-01233.1c.jpg,mhs2023_23-01233,23-01233
mhs2023_23-01239.1b.jpg,mhs2023_23-01239,23-01239
mhs2023_23-01240.1a.jpg,mhs2023_23-01240,23-01240
mhs2023_23-01252.1c.jpg,mhs2023_23-01252,23-01252
mhs23_00095.1b.jpg,mhs23_00095,00095
mhs23_00146.1g.jpg,mhs23_00146,00146
mhs23_00162.1a.jpg,mhs23_00162,00162
mhs23_23-00260.1a.jpg,mhs23_23-00260,23-00260
mhs_23-00145.1d.jpg,mhs_23-00145,23-00145
mhs_23-00165.1a.jpg,mhs_23-00165,23-00165
mhs_23-00575.1e.jpg,mhs_23-00575,23-00575
mhs_23-00768.1b.jpg,mhs_23-00768,23-00768
mhs_23-00887.1a.jpg,mhs_23-00887,23-00887
mhs_23-01750.1d.jpg,mhs_23-01750,23-01750
mhs_23-01757.1b.jpg,mhs_23-01757,23-01757
mhs_23-01757.1e.jpg,mhs_23-01757,23-01757
mhs_23-01759.1d.jpg,mhs_23-01759,23-01759
mhs_23-01761.1c.jpg,mhs_23-01761,23-01761
mhs_23-01788.1a.jpg,mhs_23-01788,23-01788
mhs_23-01789.1a.jpg,mhs_23-01789,23-01789
mhs_23-01996.1a.jpg,mhs_23-01996,23-01996
mhs_23-02011.1b.jpg,mhs_23-02011,23-02011
mhs_23-02124.1a.jpg,mhs_23-02124,23-02124
mhs_23-02321.1a.jpg,mhs_23-02321,23-02321
mhs_23-02527.1a.jpg,mhs_23-02527,23-02527
mhs_23-02707.1a.jpg,mhs_23-02707,23-02707
mhs_23-02747.1a.jpg,mhs_23-02747,23-02747
mhs_23-02818.1a.jpg,mhs_23-02818,23-02818
mhs_23-03711.1e.jpg,mhs_23-03711,23-03711
ott1892schoolimage.jpg,ott1892schoolimage,
ottmhs1939.jpg,ottmhs1939,
ottpeopleinfrontofmhs.jpg,ottpeopleinfrontofmhs,
ottrazing.jpg,ottrazing,
ottwhitworthschool.jpg,ottwhitworthschool,
small,small,
thumbs,thumbs,
wws-2254a.jpg,wws-2254a,
wws-2254b.jpg,wws-2254b,
wws-2254c.jpg,wws-2254c,
wws-2254d.jpg,wws-2254d,
wws-2254e.jpg,wws-2254e,
wws-2254f.jpg,wws-2254f,
wws-2254g.jpg,wws-2254g,
wws-2254h.jpg,wws-2254h,
wws-2254i.jpg,wws-2254i,
wws-2254j.jpg,wws-2254j,
wws-2254k.jpg,wws-2254k,
wws-2254l.jpg,wws-2254l,
wws-2254m.jpg,wws-2254m,
wws-2254n.jpg,wws-2254n,
wws-2254o.jpg,wws-2254o,
wws-2254p.jpg,wws-2254p,
wws-2254q.jpg,wws-2254q,
wws-2254r.jpg,wws-2254r,
wws-2254s.jpg,wws-2254s,
wws-2254t.jpg,wws-2254t,
wws-2254u.jpg,wws-2254u,
wws-2254v.jpg,wws-2254v,
wws-2254w.jpg,wws-2254w,
wws-2254x.jpg,wws-2254x,
wws-2559a.jpg,wws-2559a,
wws-2559b.jpg,wws-2559b,
wws-2559c.jpg,wws-2559c,
wws-2559d.jpg,wws-2559d,
wws-2605.jpg,wws-2605,
wws-2674a.jpg,wws-2674a,
wws-2674b.jpg,wws-2674b,
wws-2674c.jpg,wws-2674c,
wws-2674d.jpg,wws-2674d,
wws-3243a.jpg,wws-3243a,
wws-3243b.jpg,wws-3243b,
wws-3243c.jpg,wws-3243c,
wws-3243d.jpg,wws-3243d,
wws-3243e.jpg,wws-3243e,
wws-3243f.jpg,wws-3243f,
wws-3243g.jpg,wws-3243g,
wws-405a.jpg,wws-405a,
wws-405b.jpg,wws-405b,
